"","id","sampleType","CPE_phtype","AmpC_phtype","ESBL_phtype","ESBL_AmpC_phtype","other_phtype","amp_tx","ceft_clavtx"
"1","1","broilers","0","1","0","0","0","1","0"
"2","2","broilers","0","1","0","0","0","1","0"
"3","3","broilers","0","1","0","0","0","1","0"
"4","4","broilers","0","1","0","0","0","1","0"
"5","5","broilers","0","1","0","0","0","1","0"
"6","6","broilers","0","1","0","0","0","1","0"
"7","7","broilers","0","1","0","0","0","1","0"
"8","8","broilers","0","1","0","0","0","1","0"
"9","9","broilers","0","1","0","0","0","1","0"
"10","10","broilers","0","1","0","0","0","1","0"
"11","11","broilers","0","1","0","0","0","1","0"
"12","12","broilers","0","1","0","0","0","1","0"
"13","13","broilers","0","1","0","0","0","1","0"
"14","14","broilers","0","1","0","0","0","1","0"
"15","15","broilers","0","1","0","0","0","1","0"
"16","16","broilers","0","1","0","0","0","1","0"
"17","17","broilers","0","1","0","0","0","1","0"
"18","18","broilers","0","1","0","0","0","1","0"
"19","19","broilers","0","1","0","0","0","1","0"
"20","20","broilers","0","1","0","0","0","1","0"
"21","21","broilers","0","1","0","0","0","1","0"
"22","22","broilers","0","1","0","0","0","1","0"
"23","23","broilers","0","1","0","0","0","1","0"
"24","24","broilers","0","1","0","0","0","1","0"
"25","25","broilers","0","1","0","0","0","1","0"
"26","26","broilers","0","1","0","0","0","1","0"
"27","27","broilers","0","1","0","0","0","1","0"
"28","28","broilers","0","1","0","0","0","1","0"
"29","29","broilers","0","1","0","0","0","1","0"
"30","30","broilers","0","1","0","0","0","1","0"
"31","31","broilers","0","1","0","0","0","1","0"
"32","32","broilers","0","1","0","0","0","1","0"
"33","33","broilers","0","1","0","0","0","1","0"
"34","34","broilers","0","1","0","0","0","1","0"
"35","35","broilers","0","1","0","0","0","1","0"
"36","36","broilers","0","1","0","0","0","1","0"
"37","37","broilers","0","1","0","0","0","1","0"
"38","38","broilers","0","1","0","0","0","1","0"
"39","39","broilers","0","1","0","0","0","1","0"
"40","40","broilers","0","1","0","0","0","1","0"
"41","41","broilers","0","1","0","0","0","1","0"
"42","42","broilers","0","1","0","0","0","1","0"
"43","43","broilers","0","1","0","0","0","1","0"
"44","44","broilers","0","1","0","0","0","1","0"
"45","45","broilers","0","1","0","0","0","1","0"
"46","46","broilers","0","1","0","0","0","1","0"
"47","47","broilers","0","1","0","0","0","1","0"
"48","48","broilers","0","1","0","0","0","1","0"
"49","49","broilers","0","1","0","0","0","1","0"
"50","50","broilers","0","1","0","0","0","1","0"
"51","51","broilers","0","1","0","0","0","1","0"
"52","52","broilers","0","1","0","0","0","1","0"
"53","53","broilers","0","1","0","0","0","1","0"
"54","54","broilers","0","1","0","0","0","1","0"
"55","55","broilers","0","1","0","0","0","1","0"
"56","56","broilers","0","1","0","0","0","1","0"
"57","57","broilers","0","1","0","0","0","1","0"
"58","58","broilers","0","1","0","0","0","1","0"
"59","59","broilers","0","1","0","0","0","1","0"
"60","60","broilers","0","1","0","0","0","1","0"
"61","61","broilers","0","1","0","0","0","1","0"
"62","62","broilers","0","1","0","0","0","1","0"
"63","63","broilers","0","1","0","0","0","1","0"
"64","64","broilers","0","1","0","0","0","1","0"
"65","65","broilers","0","1","0","0","0","1","0"
"66","66","broilers","0","1","0","0","0","1","0"
"67","67","broilers","0","1","0","0","0","1","0"
"68","68","broilers","0","1","0","0","0","1","0"
"69","69","broilers","0","1","0","0","0","1","0"
"70","70","broilers","0","1","0","0","0","1","0"
"71","71","broilers","0","1","0","0","0","1","0"
"72","72","broilers","0","1","0","0","0","1","0"
"73","73","broilers","0","1","0","0","0","1","0"
"74","74","broilers","0","1","0","0","0","1","0"
"75","75","broilers","0","1","0","0","0","1","0"
"76","76","broilers","0","1","0","0","0","1","0"
"77","77","broilers","0","1","0","0","0","1","0"
"78","78","broilers","0","1","0","0","0","1","0"
"79","79","broilers","0","1","0","0","0","1","0"
"80","80","broilers","0","1","0","0","0","1","0"
"81","81","broilers","0","1","0","0","0","0","0"
"82","82","broilers","0","1","0","0","0","0","0"
"83","83","broilers","0","1","0","0","0","0","0"
"84","84","broilers","0","1","0","0","0","0","0"
"85","85","broilers","0","1","0","0","0","0","0"
"86","86","broilers","0","1","0","0","0","0","0"
"87","87","broilers","0","1","0","0","0","0","0"
"88","88","broilers","0","1","0","0","0","0","0"
"89","89","broilers","0","1","0","0","0","0","0"
"90","90","broilers","0","1","0","0","0","0","0"
"91","91","broilers","0","1","0","0","0","0","0"
"92","92","broilers","0","1","0","0","0","0","0"
"93","93","broilers","0","1","0","0","0","0","0"
"94","94","broilers","0","1","0","0","0","0","0"
"95","95","broilers","0","1","0","0","0","0","0"
"96","96","broilers","0","1","0","0","0","0","0"
"97","97","broilers","0","1","0","0","0","0","0"
"98","98","broilers","0","1","0","0","0","0","0"
"99","99","broilers","0","1","0","0","0","0","0"
"100","100","broilers","0","1","0","0","0","0","0"
"101","101","broilers","0","1","0","0","0","0","0"
"102","102","broilers","0","1","0","0","0","0","0"
"103","103","broilers","0","1","1","1","0","0","1"
"104","104","broilers","0","0","1","0","0","1","1"
"105","105","broilers","0","0","1","0","0","1","1"
"106","106","broilers","0","0","1","0","0","1","1"
"107","107","broilers","0","0","1","0","0","1","1"
"108","108","broilers","0","0","1","0","0","1","1"
"109","109","broilers","0","0","1","0","0","1","1"
"110","110","broilers","0","0","1","0","0","1","1"
"111","111","broilers","0","0","1","0","0","1","1"
"112","112","broilers","0","0","1","0","0","1","1"
"113","113","broilers","0","0","1","0","0","1","1"
"114","114","broilers","0","0","1","0","0","1","1"
"115","115","broilers","0","0","1","0","0","1","1"
"116","116","broilers","0","0","1","0","0","1","1"
"117","117","broilers","0","0","1","0","0","1","1"
"118","118","broilers","0","0","1","0","0","1","0"
"119","119","broilers","0","0","1","0","0","1","0"
"120","120","broilers","0","0","1","0","0","1","0"
"121","121","broilers","0","0","1","0","0","1","0"
"122","122","broilers","0","0","1","0","0","1","0"
"123","123","broilers","0","0","0","0","0","1","1"
"124","124","broilers","0","0","0","0","0","1","1"
"125","125","broilers","0","0","0","0","0","1","1"
"126","126","broilers","0","0","0","0","0","1","1"
"127","127","broilers","0","0","0","0","0","1","1"
"128","128","broilers","0","0","0","0","0","1","1"
"129","129","broilers","0","0","0","0","0","1","1"
"130","130","broilers","0","0","0","0","0","1","1"
"131","131","broilers","0","0","0","0","0","1","1"
"132","132","broilers","0","0","0","0","0","1","1"
"133","133","broilers","0","0","0","0","0","1","1"
"134","134","broilers","0","0","0","0","0","1","1"
"135","135","broilers","0","0","0","0","0","1","1"
"136","136","broilers","0","0","0","0","0","1","1"
"137","137","broilers","0","0","0","0","0","1","1"
"138","138","broilers","0","0","0","0","0","1","1"
"139","139","broilers","0","0","0","0","0","1","1"
"140","140","broilers","0","0","0","0","0","1","1"
"141","141","broilers","0","0","0","0","0","1","1"
"142","142","broilers","0","0","0","0","0","1","1"
"143","143","broilers","0","0","0","0","0","1","1"
"144","144","broilers","0","0","0","0","0","1","1"
"145","145","broilers","0","0","0","0","0","1","1"
"146","146","broilers","0","0","0","0","0","1","1"
"147","147","broilers","0","0","0","0","0","1","1"
"148","148","broilers","0","0","0","0","0","1","1"
"149","149","broilers","0","0","0","0","0","1","1"
"150","150","broilers","0","0","0","0","0","1","1"
"151","151","broilers","0","0","0","0","0","1","1"
"152","152","broilers","0","0","0","0","0","1","1"
"153","153","broilers","0","0","0","0","0","1","1"
"154","154","broilers","0","0","0","0","0","1","1"
"155","155","broilers","0","0","0","0","0","1","1"
"156","156","broilers","0","0","0","0","0","1","1"
"157","157","broilers","0","0","0","0","0","1","1"
"158","158","broilers","0","0","0","0","0","1","1"
"159","159","broilers","0","0","0","0","0","1","1"
"160","160","broilers","0","0","0","0","0","1","1"
"161","161","broilers","0","0","0","0","0","1","1"
"162","162","broilers","0","0","0","0","0","1","1"
"163","163","broilers","0","0","0","0","0","1","1"
"164","164","broilers","0","0","0","0","0","1","1"
"165","165","broilers","0","0","0","0","0","1","1"
"166","166","broilers","0","0","0","0","0","1","1"
"167","167","broilers","0","0","0","0","0","1","1"
"168","168","broilers","0","0","0","0","0","1","1"
"169","169","broilers","0","0","0","0","0","1","1"
"170","170","broilers","0","0","0","0","0","1","1"
"171","171","broilers","0","0","0","0","0","1","1"
"172","172","broilers","0","0","0","0","0","1","1"
"173","173","broilers","0","0","0","0","0","1","1"
"174","174","broilers","0","0","0","0","0","1","1"
"175","175","broilers","0","0","0","0","0","1","1"
"176","176","broilers","0","0","0","0","0","1","1"
"177","177","broilers","0","0","0","0","0","1","1"
"178","178","broilers","0","0","0","0","0","1","1"
"179","179","broilers","0","0","0","0","0","1","1"
"180","180","broilers","0","0","0","0","0","1","1"
"181","181","broilers","0","0","0","0","0","1","1"
"182","182","broilers","0","0","0","0","0","1","1"
"183","183","broilers","0","0","0","0","0","1","1"
"184","184","broilers","0","0","0","0","0","1","1"
"185","185","broilers","0","0","0","0","0","1","1"
"186","186","broilers","0","0","0","0","0","1","1"
"187","187","broilers","0","0","0","0","0","1","1"
"188","188","broilers","0","0","0","0","0","1","1"
"189","189","broilers","0","0","0","0","0","1","1"
"190","190","broilers","0","0","0","0","0","1","1"
"191","191","broilers","0","0","0","0","0","1","1"
"192","192","broilers","0","0","0","0","0","1","1"
"193","193","broilers","0","0","0","0","0","1","1"
"194","194","broilers","0","0","0","0","0","1","1"
"195","195","broilers","0","0","0","0","0","1","1"
"196","196","broilers","0","0","0","0","0","1","1"
"197","197","broilers","0","0","0","0","0","1","1"
"198","198","broilers","0","0","0","0","0","1","1"
"199","199","broilers","0","0","0","0","0","1","1"
"200","200","broilers","0","0","0","0","0","1","1"
"201","201","broilers","0","0","0","0","0","1","1"
"202","202","broilers","0","0","0","0","0","1","1"
"203","203","broilers","0","0","0","0","0","1","1"
"204","204","broilers","0","0","0","0","0","1","1"
"205","205","broilers","0","0","0","0","0","1","1"
"206","206","broilers","0","0","0","0","0","1","1"
"207","207","broilers","0","0","0","0","0","1","1"
"208","208","broilers","0","0","0","0","0","1","1"
"209","209","broilers","0","0","0","0","0","1","1"
"210","210","broilers","0","0","0","0","0","1","1"
"211","211","broilers","0","0","0","0","0","1","1"
"212","212","broilers","0","0","0","0","0","1","1"
"213","213","broilers","0","0","0","0","0","1","1"
"214","214","broilers","0","0","0","0","0","1","1"
"215","215","broilers","0","0","0","0","0","1","1"
"216","216","broilers","0","0","0","0","0","1","1"
"217","217","broilers","0","0","0","0","0","1","1"
"218","218","broilers","0","0","0","0","0","1","1"
"219","219","broilers","0","0","0","0","0","1","1"
"220","220","broilers","0","0","0","0","0","1","1"
"221","221","broilers","0","0","0","0","0","1","1"
"222","222","broilers","0","0","0","0","0","1","1"
"223","223","broilers","0","0","0","0","0","1","1"
"224","224","broilers","0","0","0","0","0","1","1"
"225","225","broilers","0","0","0","0","0","1","1"
"226","226","broilers","0","0","0","0","0","1","1"
"227","227","broilers","0","0","0","0","0","1","1"
"228","228","broilers","0","0","0","0","0","1","1"
"229","229","broilers","0","0","0","0","0","1","1"
"230","230","broilers","0","0","0","0","0","1","1"
"231","231","broilers","0","0","0","0","0","1","1"
"232","232","broilers","0","0","0","0","0","1","1"
"233","233","broilers","0","0","0","0","0","1","1"
"234","234","broilers","0","0","0","0","0","1","1"
"235","235","broilers","0","0","0","0","0","1","1"
"236","236","broilers","0","0","0","0","0","1","1"
"237","237","broilers","0","0","0","0","0","1","1"
"238","238","broilers","0","0","0","0","0","1","1"
"239","239","broilers","0","0","0","0","0","1","1"
"240","240","broilers","0","0","0","0","0","1","1"
"241","241","broilers","0","0","0","0","0","1","1"
"242","242","broilers","0","0","0","0","0","1","1"
"243","243","broilers","0","0","0","0","0","1","1"
"244","244","broilers","0","0","0","0","0","1","1"
"245","245","broilers","0","0","0","0","0","1","1"
"246","246","broilers","0","0","0","0","0","1","1"
"247","247","broilers","0","0","0","0","0","1","1"
"248","248","broilers","0","0","0","0","0","1","1"
"249","249","broilers","0","0","0","0","0","1","1"
"250","250","broilers","0","0","0","0","0","1","1"
"251","251","broilers","0","0","0","0","0","1","1"
"252","252","broilers","0","0","0","0","0","1","1"
"253","253","broilers","0","0","0","0","0","1","1"
"254","254","broilers","0","0","0","0","0","1","1"
"255","255","broilers","0","0","0","0","0","1","1"
"256","256","broilers","0","0","0","0","0","1","1"
"257","257","broilers","0","0","0","0","0","1","1"
"258","258","broilers","0","0","0","0","0","1","1"
"259","259","broilers","0","0","0","0","0","1","1"
"260","260","broilers","0","0","0","0","0","1","1"
"261","261","broilers","0","0","0","0","0","1","1"
"262","262","broilers","0","0","0","0","0","1","1"
"263","263","broilers","0","0","0","0","0","1","1"
"264","264","broilers","0","0","0","0","0","1","1"
"265","265","broilers","0","0","0","0","0","1","1"
"266","266","broilers","0","0","0","0","0","1","1"
"267","267","broilers","0","0","0","0","0","1","1"
"268","268","broilers","0","0","0","0","0","1","1"
"269","269","broilers","0","0","0","0","0","1","1"
"270","270","broilers","0","0","0","0","0","1","1"
"271","271","broilers","0","0","0","0","0","1","1"
"272","272","broilers","0","0","0","0","0","1","1"
"273","273","broilers","0","0","0","0","0","1","1"
"274","274","broilers","0","0","0","0","0","1","1"
"275","275","broilers","0","0","0","0","0","1","1"
"276","276","broilers","0","0","0","0","0","1","1"
"277","277","broilers","0","0","0","0","0","1","1"
"278","278","broilers","0","0","0","0","0","1","1"
"279","279","broilers","0","0","0","0","0","1","1"
"280","280","broilers","0","0","0","0","0","1","1"
"281","281","broilers","0","0","0","0","0","1","1"
"282","282","broilers","0","0","0","0","0","1","1"
"283","283","broilers","0","0","0","0","0","1","1"
"284","284","broilers","0","0","0","0","0","1","1"
"285","285","broilers","0","0","0","0","0","1","1"
"286","286","broilers","0","0","0","0","0","1","1"
"287","287","broilers","0","0","0","0","0","1","1"
"288","288","broilers","0","0","0","0","0","1","1"
"289","289","broilers","0","0","0","0","0","1","1"
"290","290","broilers","0","0","0","0","0","1","1"
"291","291","broilers","0","0","0","0","0","1","1"
"292","292","broilers","0","0","0","0","0","1","1"
"293","293","broilers","0","0","0","0","0","1","1"
"294","294","broilers","0","0","0","0","0","1","1"
"295","295","broilers","0","0","0","0","0","1","1"
"296","296","broilers","0","0","0","0","0","1","1"
"297","297","broilers","0","0","0","0","0","1","1"
"298","298","broilers","0","0","0","0","0","1","1"
"299","299","broilers","0","0","0","0","0","1","1"
"300","300","broilers","0","0","0","0","0","1","1"
"301","301","broilers","0","0","0","0","0","1","1"
"302","302","broilers","0","0","0","0","0","1","1"
"303","303","broilers","0","0","0","0","0","1","1"
"304","304","broilers","0","0","0","0","0","1","1"
"305","305","broilers","0","0","0","0","0","1","1"
"306","306","broilers","0","0","0","0","0","1","1"
"307","307","broilers","0","0","0","0","0","1","1"
"308","308","broilers","0","0","0","0","0","1","1"
"309","309","broilers","0","0","0","0","0","1","1"
"310","310","broilers","0","0","0","0","0","1","1"
"311","311","broilers","0","0","0","0","0","1","1"
"312","312","broilers","0","0","0","0","0","1","1"
"313","313","broilers","0","0","0","0","0","1","1"
"314","314","broilers","0","0","0","0","0","1","1"
"315","315","broilers","0","0","0","0","0","1","1"
"316","316","broilers","0","0","0","0","0","1","1"
"317","317","broilers","0","0","0","0","0","1","1"
"318","318","broilers","0","0","0","0","0","1","1"
"319","319","broilers","0","0","0","0","0","1","1"
"320","320","broilers","0","0","0","0","0","1","1"
"321","321","broilers","0","0","0","0","0","1","1"
"322","322","broilers","0","0","0","0","0","1","1"
"323","323","broilers","0","0","0","0","0","1","1"
"324","324","broilers","0","0","0","0","0","1","1"
"325","325","broilers","0","0","0","0","0","1","1"
"326","326","broilers","0","0","0","0","0","1","1"
"327","327","broilers","0","0","0","0","0","1","1"
"328","328","broilers","0","0","0","0","0","1","1"
"329","329","broilers","0","0","0","0","0","1","1"
"330","330","broilers","0","0","0","0","0","1","1"
"331","331","broilers","0","0","0","0","0","1","1"
"332","332","broilers","0","0","0","0","0","1","1"
"333","333","broilers","0","0","0","0","0","1","1"
"334","334","broilers","0","0","0","0","0","1","1"
"335","335","broilers","0","0","0","0","0","1","1"
"336","336","broilers","0","0","0","0","0","1","1"
"337","337","broilers","0","0","0","0","0","1","1"
"338","338","broilers","0","0","0","0","0","1","1"
"339","339","broilers","0","0","0","0","0","1","1"
"340","340","broilers","0","0","0","0","0","1","1"
"341","341","broilers","0","0","0","0","0","1","1"
"342","342","broilers","0","0","0","0","0","1","1"
"343","343","broilers","0","0","0","0","0","1","1"
"344","344","broilers","0","0","0","0","0","1","1"
"345","345","broilers","0","0","0","0","0","1","1"
"346","346","broilers","0","0","0","0","0","1","1"
"347","347","broilers","0","0","0","0","0","1","1"
"348","348","broilers","0","0","0","0","0","1","1"
"349","349","broilers","0","0","0","0","0","1","1"
"350","350","broilers","0","0","0","0","0","1","1"
"351","351","broilers","0","0","0","0","0","1","1"
"352","352","broilers","0","0","0","0","0","1","1"
"353","353","broilers","0","0","0","0","0","1","1"
"354","354","broilers","0","0","0","0","0","1","1"
"355","355","broilers","0","0","0","0","0","1","1"
"356","356","broilers","0","0","0","0","0","1","1"
"357","357","broilers","0","0","0","0","0","1","1"
"358","358","broilers","0","0","0","0","0","1","1"
"359","359","broilers","0","0","0","0","0","1","1"
"360","360","broilers","0","0","0","0","0","1","1"
"361","361","broilers","0","0","0","0","0","1","1"
"362","362","broilers","0","0","0","0","0","1","1"
"363","363","broilers","0","0","0","0","0","1","1"
"364","364","broilers","0","0","0","0","0","1","1"
"365","365","broilers","0","0","0","0","0","1","1"
"366","366","broilers","0","0","0","0","0","1","1"
"367","367","broilers","0","0","0","0","0","1","1"
"368","368","broilers","0","0","0","0","0","1","1"
"369","369","broilers","0","0","0","0","0","1","1"
"370","370","broilers","0","0","0","0","0","1","1"
"371","371","broilers","0","0","0","0","0","1","1"
"372","372","broilers","0","0","0","0","0","1","1"
"373","373","broilers","0","0","0","0","0","1","1"
"374","374","broilers","0","0","0","0","0","1","1"
"375","375","broilers","0","0","0","0","0","1","1"
"376","376","broilers","0","0","0","0","0","1","1"
"377","377","broilers","0","0","0","0","0","1","1"
"378","378","broilers","0","0","0","0","0","1","1"
"379","379","broilers","0","0","0","0","0","1","1"
"380","380","broilers","0","0","0","0","0","1","1"
"381","381","broilers","0","0","0","0","0","1","1"
"382","382","broilers","0","0","0","0","0","1","1"
"383","383","broilers","0","0","0","0","0","1","1"
"384","384","broilers","0","0","0","0","0","1","1"
"385","385","broilers","0","0","0","0","0","1","1"
"386","386","broilers","0","0","0","0","0","1","1"
"387","387","broilers","0","0","0","0","0","1","1"
"388","388","broilers","0","0","0","0","0","1","1"
"389","389","broilers","0","0","0","0","0","1","1"
"390","390","broilers","0","0","0","0","0","1","1"
"391","391","broilers","0","0","0","0","0","1","1"
"392","392","broilers","0","0","0","0","0","1","1"
"393","393","broilers","0","0","0","0","0","1","1"
"394","394","broilers","0","0","0","0","0","1","1"
"395","395","broilers","0","0","0","0","0","1","1"
"396","396","broilers","0","0","0","0","0","1","1"
"397","397","broilers","0","0","0","0","0","1","1"
"398","398","broilers","0","0","0","0","0","1","1"
"399","399","broilers","0","0","0","0","0","1","1"
"400","400","broilers","0","0","0","0","0","1","1"
"401","401","broilers","0","0","0","0","0","1","1"
"402","402","broilers","0","0","0","0","0","1","1"
"403","403","broilers","0","0","0","0","0","1","1"
"404","404","broilers","0","0","0","0","0","1","1"
"405","405","broilers","0","0","0","0","0","1","1"
"406","406","broilers","0","0","0","0","0","1","1"
"407","407","broilers","0","0","0","0","0","1","1"
"408","408","broilers","0","0","0","0","0","1","1"
"409","409","broilers","0","0","0","0","0","1","1"
"410","410","broilers","0","0","0","0","0","1","1"
"411","411","broilers","0","0","0","0","0","1","1"
"412","412","broilers","0","0","0","0","0","1","1"
"413","413","broilers","0","0","0","0","0","1","1"
"414","414","broilers","0","0","0","0","0","1","1"
"415","415","broilers","0","0","0","0","0","1","1"
"416","416","broilers","0","0","0","0","0","1","1"
"417","417","broilers","0","0","0","0","0","1","1"
"418","418","broilers","0","0","0","0","0","1","1"
"419","419","broilers","0","0","0","0","0","1","1"
"420","420","broilers","0","0","0","0","0","1","1"
"421","421","broilers","0","0","0","0","0","1","1"
"422","422","broilers","0","0","0","0","0","1","1"
"423","423","broilers","0","0","0","0","0","1","1"
"424","424","broilers","0","0","0","0","0","1","1"
"425","425","broilers","0","0","0","0","0","1","1"
"426","426","broilers","0","0","0","0","0","1","1"
"427","427","broilers","0","0","0","0","0","1","1"
"428","428","broilers","0","0","0","0","0","1","1"
"429","429","broilers","0","0","0","0","0","1","1"
"430","430","broilers","0","0","0","0","0","1","1"
"431","431","broilers","0","0","0","0","0","1","1"
"432","432","broilers","0","0","0","0","0","1","1"
"433","433","broilers","0","0","0","0","0","1","1"
"434","434","broilers","0","0","0","0","0","1","1"
"435","435","broilers","0","0","0","0","0","1","1"
"436","436","broilers","0","0","0","0","0","1","1"
"437","437","broilers","0","0","0","0","0","1","1"
"438","438","broilers","0","0","0","0","0","0","1"
"439","439","broilers","0","0","0","0","0","0","1"
"440","440","broilers","0","0","0","0","0","0","1"
"441","441","broilers","0","0","0","0","0","0","1"
"442","442","broilers","0","0","0","0","0","0","1"
"443","443","broilers","0","0","0","0","0","0","1"
"444","444","broilers","0","0","0","0","0","0","1"
"445","445","broilers","0","0","0","0","0","0","1"
"446","446","broilers","0","0","0","0","0","0","1"
"447","447","broilers","0","0","0","0","0","0","1"
"448","448","broilers","0","0","0","0","0","0","1"
"449","449","broilers","0","0","0","0","0","0","1"
"450","450","broilers","0","0","0","0","0","0","1"
"451","451","broilers","0","0","0","0","0","0","1"
"452","452","broilers","0","0","0","0","0","0","1"
"453","453","broilers","0","0","0","0","0","0","1"
"454","454","broilers","0","0","0","0","0","0","1"
"455","455","broilers","0","0","0","0","0","0","1"
"456","456","broilers","0","0","0","0","0","0","0"
"457","457","broilers","0","0","0","0","0","0","0"
"458","458","broilers","0","0","0","0","0","0","0"
"459","459","broilers","0","0","0","0","0","0","0"
"460","460","broilers","0","0","0","0","0","0","0"
"461","461","broilers","0","0","0","0","0","0","0"
"462","462","broilers","0","0","0","0","0","0","0"
"463","463","broilers","0","0","0","0","0","0","0"
"464","464","broilers","0","0","0","0","0","0","0"
"465","465","broilers","0","0","0","0","0","0","0"
"466","466","broilers","0","0","0","0","0","0","0"
"467","467","broilers","0","0","0","0","0","0","0"
"468","468","broilers","0","0","0","0","0","0","0"
"469","469","broilers","0","0","0","0","0","0","0"
"470","470","broilers","0","0","0","0","0","0","0"
"471","471","broilers","0","0","0","0","0","0","0"
"472","472","broilers","0","0","0","0","0","0","0"
"473","473","broilers","0","0","0","0","0","0","0"
"474","474","broilers","0","0","0","0","0","0","0"
"475","475","broilers","0","0","0","0","0","0","0"
"476","476","broilers","0","0","0","0","0","0","0"
"477","477","broilers","0","0","0","0","0","0","0"
"478","478","broilers","0","0","0","0","0","0","0"
"479","479","broilers","0","0","0","0","0","0","0"
"480","480","broilers","0","0","0","0","0","0","0"
"481","481","broilers","0","0","0","0","0","0","0"
"482","482","broilers","0","0","0","0","0","0","0"
"483","483","broilers","0","0","0","0","0","0","0"
"484","484","broilers","0","0","0","0","0","0","0"
"485","485","broilers","0","0","0","0","0","0","0"
"486","486","broilers","0","0","0","0","0","0","0"
"487","487","broilers","0","0","0","0","0","0","0"
"488","488","broilers","0","0","0","0","0","0","0"
"489","489","broilers","0","0","0","0","0","0","0"
"490","490","broilers","0","0","0","0","0","0","0"
"491","491","broilers","0","0","0","0","0","0","0"
"492","492","broilers","0","0","0","0","0","0","0"
"493","493","broilers","0","0","0","0","0","0","0"
"494","494","broilers","0","0","0","0","0","0","0"
"495","495","broilers","0","0","0","0","0","0","0"
"496","496","broilers","0","0","0","0","0","0","0"
"497","497","broilers","0","0","0","0","0","0","0"
"498","498","broilers","0","0","0","0","0","0","0"
"499","499","broilers","0","0","0","0","0","0","0"
"500","500","broilers","0","0","0","0","0","0","0"
"501","501","broilers","0","0","0","0","0","0","0"
"502","502","broilers","0","0","0","0","0","0","0"
"503","503","broilers","0","0","0","0","0","0","0"
"504","504","broilers","0","0","0","0","0","0","0"
"505","505","broilers","0","0","0","0","0","0","0"
"506","506","broilers","0","0","0","0","0","0","0"
"507","507","broilers","0","0","0","0","0","0","0"
"508","508","broilers","0","0","0","0","0","0","0"
"509","509","broilers","0","0","0","0","0","0","0"
"510","510","broilers","0","0","0","0","0","0","0"
"511","511","broilers","0","0","0","0","0","0","0"
"512","512","broilers","0","0","0","0","0","0","0"
"513","513","broilers","0","0","0","0","0","0","0"
"514","514","broilers","0","0","0","0","0","0","0"
"515","515","broilers","0","0","0","0","0","0","0"
"516","516","broilers","0","0","0","0","0","0","0"
"517","517","broilers","0","0","0","0","0","0","0"
"518","518","broilers","0","0","0","0","0","0","0"
"519","519","broilers","0","0","0","0","0","0","0"
"520","520","broilers","0","0","0","0","0","0","0"
"521","521","broilers","0","0","0","0","0","0","0"
"522","522","broilers","0","0","0","0","0","0","0"
"523","523","broilers","0","0","0","0","0","0","0"
"524","524","broilers","0","0","0","0","0","0","0"
"525","525","broilers","0","0","0","0","0","0","0"
"526","526","broilers","0","0","0","0","0","0","0"
"527","527","broilers","0","0","0","0","0","0","0"
"528","528","broilers","0","0","0","0","0","0","0"
"529","529","broilers","0","0","0","0","0","0","0"
"530","530","broilers","0","0","0","0","0","0","0"
"531","531","broilers","0","0","0","0","0","0","0"
"532","532","broilers","0","0","0","0","0","0","0"
"533","533","broilers","0","0","0","0","0","0","0"
"534","534","broilers","0","0","0","0","0","0","0"
"535","535","broilers","0","0","0","0","0","0","0"
"536","536","broilers","0","0","0","0","0","0","0"
"537","537","broilers","0","0","0","0","0","0","0"
"538","538","broilers","0","0","0","0","0","0","0"
"539","539","broilers","0","0","0","0","0","0","0"
"540","540","broilers","0","0","0","0","0","0","0"
"541","541","broilers","0","0","0","0","0","0","0"
"542","542","broilers","0","0","0","0","0","0","0"
"543","543","broilers","0","0","0","0","0","0","0"
"544","544","broilers","0","0","0","0","0","0","0"
"545","545","broilers","0","0","0","0","0","0","0"
"546","546","broilers","0","0","0","0","0","0","0"
"547","547","broilers","0","0","0","0","0","0","0"
"548","548","broilers","0","0","0","0","0","0","0"
"549","549","broilers","0","0","0","0","0","0","0"
"550","550","broilers","0","0","0","0","0","0","0"
"551","551","broilers","0","0","0","0","0","0","0"
"552","552","broilers","0","0","0","0","0","0","0"
"553","553","broilers","0","0","0","0","0","0","0"
"554","554","broilers","0","0","0","0","0","0","0"
"555","555","broilers","0","0","0","0","0","0","0"
"556","556","broilers","0","0","0","0","0","0","0"
"557","557","broilers","0","0","0","0","0","0","0"
"558","558","broilers","0","0","0","0","0","0","0"
"559","559","broilers","0","0","0","0","0","0","0"
"560","560","broilers","0","0","0","0","0","0","0"
"561","561","broilers","0","0","0","0","0","0","0"
"562","562","broilers","0","0","0","0","0","0","0"
"563","563","broilers","0","0","0","0","0","0","0"
"564","564","broilers","0","0","0","0","0","0","0"
"565","565","broilers","0","0","0","0","0","0","0"
"566","566","broilers","0","0","0","0","0","0","0"
"567","567","broilers","0","0","0","0","0","0","0"
"568","568","broilers","0","0","0","0","0","0","0"
"569","569","broilers","0","0","0","0","0","0","0"
"570","570","broilers","0","0","0","0","0","0","0"
"571","571","broilers","0","0","0","0","0","0","0"
"572","572","broilers","0","0","0","0","0","0","0"
"573","573","broilers","0","0","0","0","0","0","0"
"574","574","broilers","0","0","0","0","0","0","0"
"575","575","broilers","0","0","0","0","0","0","0"
"576","576","broilers","0","0","0","0","0","0","0"
"577","577","broilers","0","0","0","0","0","0","0"
"578","578","broilers","0","0","0","0","0","0","0"
"579","579","broilers","0","0","0","0","0","0","0"
"580","580","broilers","0","0","0","0","0","0","0"
"581","581","broilers","0","0","0","0","0","0","0"
"582","582","broilers","0","0","0","0","0","0","0"
"583","583","broilers","0","0","0","0","0","0","0"
"584","584","broilers","0","0","0","0","0","0","0"
"585","585","broilers","0","0","0","0","0","0","0"
"586","586","broilers","0","0","0","0","0","0","0"
"587","587","broilers","0","0","0","0","0","0","0"
"588","588","broilers","0","0","0","0","0","0","0"
"589","589","broilers","0","0","0","0","0","0","0"
"590","590","broilers","0","0","0","0","0","0","0"
"591","591","broilers","0","0","0","0","0","0","0"
"592","592","broilers","0","0","0","0","0","0","0"
"593","593","broilers","0","0","0","0","0","0","0"
"594","594","broilers","0","0","0","0","0","0","0"
"595","595","broilers","0","0","0","0","0","0","0"
"596","596","broilers","0","0","0","0","0","0","0"
"597","597","broilers","0","0","0","0","0","0","0"
"598","598","broilers","0","0","0","0","0","0","0"
"599","599","broilers","0","0","0","0","0","0","0"
"600","600","broilers","0","0","0","0","0","0","0"
"601","601","broilers","0","0","0","0","0","0","0"
"602","602","broilers","0","0","0","0","0","0","0"
"603","603","broilers","0","0","0","0","0","0","0"
"604","604","broilers","0","0","0","0","0","0","0"
"605","605","broilers","0","0","0","0","0","0","0"
"606","606","broilers","0","0","0","0","0","0","0"
"607","607","broilers","0","0","0","0","0","0","0"
"608","608","broilers","0","0","0","0","0","0","0"
"609","609","broilers","0","0","0","0","0","0","0"
"610","610","broilers","0","0","0","0","0","0","0"
"611","611","broilers","0","0","0","0","0","0","0"
"612","612","broilers","0","0","0","0","0","0","0"
"613","613","broilers","0","0","0","0","0","0","0"
"614","614","broilers","0","0","0","0","0","0","0"
"615","615","broilers","0","0","0","0","0","0","0"
"616","616","broilers","0","0","0","0","0","0","0"
"617","617","broilers","0","0","0","0","0","0","0"
"618","618","broilers","0","0","0","0","0","0","0"
"619","619","broilers","0","0","0","0","0","0","0"
"620","620","broilers","0","0","0","0","0","0","0"
"621","621","broilers","0","0","0","0","0","0","0"
"622","622","broilers","0","0","0","0","0","0","0"
"623","623","broilers","0","0","0","0","0","0","0"
"624","624","broilers","0","0","0","0","0","0","0"
"625","625","broilers","0","0","0","0","0","0","0"
"626","626","broilers","0","0","0","0","0","0","0"
"627","627","broilers","0","0","0","0","0","0","0"
"628","628","broilers","0","0","0","0","0","0","0"
"629","629","broilers","0","0","0","0","0","0","0"
"630","630","broilers","0","0","0","0","0","0","0"
"631","631","broilers","0","0","0","0","0","0","0"
"632","632","broilers","0","0","0","0","0","0","0"
"633","633","broilers","0","0","0","0","0","0","0"
"634","634","broilers","0","0","0","0","0","0","0"
"635","635","broilers","0","0","0","0","0","0","0"
"636","636","broilers","0","0","0","0","0","0","0"
"637","637","broilers","0","0","0","0","0","0","0"
"638","638","broilers","0","0","0","0","0","0","0"
"639","639","broilers","0","0","0","0","0","0","0"
"640","640","broilers","0","0","0","0","0","0","0"
"641","641","broilers","0","0","0","0","0","0","0"
"642","642","broilers","0","0","0","0","0","0","0"
"643","643","broilers","0","0","0","0","0","0","0"
"644","644","broilers","0","0","0","0","0","0","0"
"645","645","broilers","0","0","0","0","0","0","0"
"646","646","broilers","0","0","0","0","0","0","0"
"647","647","broilers","0","0","0","0","0","0","0"
"648","648","broilers","0","0","0","0","0","0","0"
"649","649","broilers","0","0","0","0","0","0","0"
"650","650","broilers","0","0","0","0","0","0","0"
"651","651","broilers","0","0","0","0","0","0","0"
"652","652","broilers","0","0","0","0","0","0","0"
"653","653","broilers","0","0","0","0","0","0","0"
"654","654","broilers","0","0","0","0","0","0","0"
"655","655","broilers","0","0","0","0","0","0","0"
"656","656","broilers","0","0","0","0","0","0","0"
"657","657","broilers","0","0","0","0","0","0","0"
"658","658","broilers","0","0","0","0","0","0","0"
"659","659","broilers","0","0","0","0","0","0","0"
"660","660","broilers","0","0","0","0","0","0","0"
"661","661","broilers","0","0","0","0","0","0","0"
"662","662","broilers","0","0","0","0","0","0","0"
"663","663","broilers","0","0","0","0","0","0","0"
"664","664","broilers","0","0","0","0","0","0","0"
"665","665","broilers","0","0","0","0","0","0","0"
"666","666","broilers","0","0","0","0","0","0","0"
"667","667","broilers","0","0","0","0","0","0","0"
"668","668","broilers","0","0","0","0","0","0","0"
"669","669","broilers","0","0","0","0","0","0","0"
"670","670","broilers","0","0","0","0","0","0","0"
"671","671","broilers","0","0","0","0","0","0","0"
"672","672","broilers","0","0","0","0","0","0","0"
"673","673","broilers","0","0","0","0","0","0","0"
"674","674","broilers","0","0","0","0","0","0","0"
"675","675","broilers","0","0","0","0","0","0","0"
"676","676","broilers","0","0","0","0","0","0","0"
"677","677","broilers","0","0","0","0","0","0","0"
"678","678","broilers","0","0","0","0","0","0","0"
"679","679","broilers","0","0","0","0","0","0","0"
"680","680","broilers","0","0","0","0","0","0","0"
"681","681","broilers","0","0","0","0","0","0","0"
"682","682","broilers","0","0","0","0","0","0","0"
"683","683","broilers","0","0","0","0","0","0","0"
"684","684","broilers","0","0","0","0","0","0","0"
"685","685","broilers","0","0","0","0","0","0","0"
"686","686","broilers","0","0","0","0","0","0","0"
"687","687","broilers","0","0","0","0","0","0","0"
"688","688","broilers","0","0","0","0","0","0","0"
"689","689","broilers","0","0","0","0","0","0","0"
"690","690","broilers","0","0","0","0","0","0","0"
"691","691","broilers","0","0","0","0","0","0","0"
"692","692","broilers","0","0","0","0","0","0","0"
"693","693","broilers","0","0","0","0","0","0","0"
"694","694","broilers","0","0","0","0","0","0","0"
"695","695","broilers","0","0","0","0","0","0","0"
"696","696","broilers","0","0","0","0","0","0","0"
"697","697","broilers","0","0","0","0","0","0","0"
"698","698","broilers","0","0","0","0","0","0","0"
"699","699","broilers","0","0","0","0","0","0","0"
"700","700","broilers","0","0","0","0","0","0","0"
"701","701","broilers","0","0","0","0","0","0","0"
"702","702","broilers","0","0","0","0","0","0","0"
"703","703","broilers","0","0","0","0","0","0","0"
"704","704","broilers","0","0","0","0","0","0","0"
"705","705","broilers","0","0","0","0","0","0","0"
"706","706","broilers","0","0","0","0","0","0","0"
"707","707","broilers","0","0","0","0","0","0","0"
"708","708","broilers","0","0","0","0","0","0","0"
"709","709","broilers","0","0","0","0","0","0","0"
"710","710","broilers","0","0","0","0","0","0","0"
"711","711","broilers","0","0","0","0","0","0","0"
"712","712","broilers","0","0","0","0","0","0","0"
"713","713","broilers","0","0","0","0","0","0","0"
"714","714","broilers","0","0","0","0","0","0","0"
"715","715","broilers","0","0","0","0","0","0","0"
"716","716","broilers","0","0","0","0","0","0","0"
"717","717","broilers","0","0","0","0","0","0","0"
"718","718","broilers","0","0","0","0","0","0","0"
"719","719","broilers","0","0","0","0","0","0","0"
"720","720","broilers","0","0","0","0","0","0","0"
"721","721","broilers","0","0","0","0","0","0","0"
"722","722","broilers","0","0","0","0","0","0","0"
"723","723","broilers","0","0","0","0","0","0","0"
"724","724","broilers","0","0","0","0","0","0","0"
"725","725","broilers","0","0","0","0","0","0","0"
"726","726","broilers","0","0","0","0","0","0","0"
"727","727","broilers","0","0","0","0","0","0","0"
"728","728","broilers","0","0","0","0","0","0","0"
"729","729","broilers","0","0","0","0","0","0","0"
"730","730","broilers","0","0","0","0","0","0","0"
"731","731","broilers","0","0","0","0","0","0","0"
"732","732","broilers","0","0","0","0","0","0","0"
"733","733","broilers","0","0","0","0","0","0","0"
"734","734","broilers","0","0","0","0","0","0","0"
"735","735","broilers","0","0","0","0","0","0","0"
"736","736","broilers","0","0","0","0","0","0","0"
"737","737","broilers","0","0","0","0","0","0","0"
"738","738","broilers","0","0","0","0","0","0","0"
"739","739","broilers","0","0","0","0","0","0","0"
"740","740","broilers","0","0","0","0","0","0","0"
"741","741","broilers","0","0","0","0","0","0","0"
"742","742","broilers","0","0","0","0","0","0","0"
"743","743","broilers","0","0","0","0","0","0","0"
"744","744","broilers","0","0","0","0","0","0","0"
"745","745","broilers","0","0","0","0","0","0","0"
"746","746","broilers","0","0","0","0","0","0","0"
"747","747","broilers","0","0","0","0","0","0","0"
"748","748","broilers","0","0","0","0","0","0","0"
"749","749","broilers","0","0","0","0","0","0","0"
"750","750","broilers","0","0","0","0","0","0","0"
"751","751","broilers","0","0","0","0","0","0","0"
"752","752","broilers","0","0","0","0","0","0","0"
"753","753","broilers","0","0","0","0","0","0","0"
"754","754","broilers","0","0","0","0","0","0","0"
"755","755","broilers","0","0","0","0","0","0","0"
"756","756","broilers","0","0","0","0","0","0","0"
"757","757","broilers","0","0","0","0","0","0","0"
"758","758","broilers","0","0","0","0","0","0","0"
"759","759","broilers","0","0","0","0","0","0","0"
"760","760","broilers","0","0","0","0","0","0","0"
"761","761","broilers","0","0","0","0","0","0","0"
"762","762","broilers","0","0","0","0","0","0","0"
"763","763","broilers","0","0","0","0","0","0","0"
"764","764","broilers","0","0","0","0","0","0","0"
"765","765","broilers","0","0","0","0","0","0","0"
"766","766","broilers","0","0","0","0","0","0","0"
"767","767","broilers","0","0","0","0","0","0","0"
"768","768","broilers","0","0","0","0","0","0","0"
"769","769","broilers","0","0","0","0","0","0","0"
"770","770","broilers","0","0","0","0","0","0","0"
"771","771","broilers","0","0","0","0","0","0","0"
"772","772","broilers","0","0","0","0","0","0","0"
"773","773","broilers","0","0","0","0","0","0","0"
"774","774","broilers","0","0","0","0","0","0","0"
"775","775","broilers","0","0","0","0","0","0","0"
"776","776","broilers","0","0","0","0","0","0","0"
"777","777","broilers","0","0","0","0","0","0","0"
"778","778","broilers","0","0","0","0","0","0","0"
"779","779","broilers","0","0","0","0","0","0","0"
"780","780","broilers","0","0","0","0","0","0","0"
"781","781","broilers","0","0","0","0","0","0","0"
"782","782","broilers","0","0","0","0","0","0","0"
"783","783","broilers","0","0","0","0","0","0","0"
"784","784","broilers","0","0","0","0","0","0","0"
"785","785","broilers","0","0","0","0","0","0","0"
"786","786","broilers","0","0","0","0","0","0","0"
"787","787","broilers","0","0","0","0","0","0","0"
"788","788","broilers","0","0","0","0","0","0","0"
"789","789","broilers","0","0","0","0","0","0","0"
"790","790","broilers","0","0","0","0","0","0","0"
"791","791","broilers","0","0","0","0","0","0","0"
"792","792","broilers","0","0","0","0","0","0","0"
"793","793","broilers","0","0","0","0","0","0","0"
"794","794","broilers","0","0","0","0","0","0","0"
"795","795","broilers","0","0","0","0","0","0","0"
"796","796","broilers","0","0","0","0","0","0","0"
"797","797","broilers","0","0","0","0","0","0","0"
"798","798","broilers","0","0","0","0","0","0","0"
"799","799","broilers","0","0","0","0","0","0","0"
"800","800","broilers","0","0","0","0","0","0","0"
"801","801","broilers","0","0","0","0","0","0","0"
"802","802","broilers","0","0","0","0","0","0","0"
"803","803","broilers","0","0","0","0","0","0","0"
"804","804","broilers","0","0","0","0","0","0","0"
"805","805","broilers","0","0","0","0","0","0","0"
"806","806","broilers","0","0","0","0","0","0","0"
"807","807","broilers","0","0","0","0","0","0","0"
"808","808","broilers","0","0","0","0","0","0","0"
"809","809","broilers","0","0","0","0","0","0","0"
"810","810","broilers","0","0","0","0","0","0","0"
"811","811","broilers","0","0","0","0","0","0","0"
"812","812","broilers","0","0","0","0","0","0","0"
"813","813","broilers","0","0","0","0","0","0","0"
"814","814","broilers","0","0","0","0","0","0","0"
"815","815","broilers","0","0","0","0","0","0","0"
"816","816","broilers","0","0","0","0","0","0","0"
"817","817","broilers","0","0","0","0","0","0","0"
"818","818","broilers","0","0","0","0","0","0","0"
"819","819","broilers","0","0","0","0","0","0","0"
"820","820","broilers","0","0","0","0","0","1","1"
"821","821","broilers","0","0","0","0","0","1","1"
"822","822","broilers","0","0","0","0","0","1","0"
"823","823","broilers","0","0","0","0","0","1","0"
"824","824","broilers","0","0","0","0","0","1","0"
"825","825","broilers","0","0","0","0","0","1","0"
"826","826","broilers","0","0","0","0","0","1","0"
"827","827","broilers","0","0","0","0","0","1","0"
"828","828","broilers","0","0","0","0","0","1","0"
"829","829","broilers","0","0","0","0","0","1","0"
"830","830","broilers","0","0","0","0","0","1","0"
"831","831","broilers","0","0","0","0","0","1","0"
"832","832","broilers","0","0","0","0","0","1","0"
"833","833","broilers","0","0","0","0","0","1","0"
"834","834","broilers","0","0","0","0","1","1","0"
"835","835","broilers","0","0","0","0","1","1","0"
"836","836","danishMeat","0","1","0","0","0",NA,NA
"837","837","danishMeat","0","1","0","0","0",NA,NA
"838","838","danishMeat","0","1","0","0","0",NA,NA
"839","839","danishMeat","0","1","0","0","0",NA,NA
"840","840","danishMeat","0","1","0","0","0",NA,NA
"841","841","danishMeat","0","1","0","0","0",NA,NA
"842","842","danishMeat","0","1","0","0","0",NA,NA
"843","843","danishMeat","0","1","0","0","0",NA,NA
"844","844","danishMeat","0","1","0","0","0",NA,NA
"845","845","danishMeat","0","1","0","0","0",NA,NA
"846","846","danishMeat","0","1","0","0","0",NA,NA
"847","847","danishMeat","0","1","0","0","0",NA,NA
"848","848","danishMeat","0","1","0","0","0",NA,NA
"849","849","danishMeat","0","1","0","0","0",NA,NA
"850","850","danishMeat","0","1","0","0","0",NA,NA
"851","851","danishMeat","0","1","0","0","0",NA,NA
"852","852","danishMeat","0","1","0","0","0",NA,NA
"853","853","danishMeat","0","1","0","0","0",NA,NA
"854","854","danishMeat","0","1","0","0","0",NA,NA
"855","855","danishMeat","0","1","0","0","0",NA,NA
"856","856","danishMeat","0","1","0","0","0",NA,NA
"857","857","danishMeat","0","1","0","0","0",NA,NA
"858","858","danishMeat","0","1","0","0","0",NA,NA
"859","859","danishMeat","0","1","0","0","0",NA,NA
"860","860","danishMeat","0","1","1","1","0",NA,NA
"861","861","danishMeat","0","0","1","0","0",NA,NA
"862","862","danishMeat","0","0","1","0","0",NA,NA
"863","863","danishMeat","0","0","1","0","0",NA,NA
"864","864","danishMeat","0","0","1","0","0",NA,NA
"865","865","danishMeat","0","0","1","0","0",NA,NA
"866","866","danishMeat","0","0","1","0","0",NA,NA
"867","867","danishMeat","0","0","1","0","0",NA,NA
"868","868","danishMeat","0","0","1","0","0",NA,NA
"869","869","danishMeat","0","0","1","0","0",NA,NA
"870","870","danishMeat","0","0","0","0","0",NA,NA
"871","871","danishMeat","0","0","0","0","0",NA,NA
"872","872","danishMeat","0","0","0","0","0",NA,NA
"873","873","danishMeat","0","0","0","0","0",NA,NA
"874","874","danishMeat","0","0","0","0","0",NA,NA
"875","875","danishMeat","0","0","0","0","0",NA,NA
"876","876","danishMeat","0","0","0","0","0",NA,NA
"877","877","danishMeat","0","0","0","0","0",NA,NA
"878","878","danishMeat","0","0","0","0","0",NA,NA
"879","879","danishMeat","0","0","0","0","0",NA,NA
"880","880","danishMeat","0","0","0","0","0",NA,NA
"881","881","danishMeat","0","0","0","0","0",NA,NA
"882","882","danishMeat","0","0","0","0","0",NA,NA
"883","883","danishMeat","0","0","0","0","0",NA,NA
"884","884","danishMeat","0","0","0","0","0",NA,NA
"885","885","danishMeat","0","0","0","0","0",NA,NA
"886","886","danishMeat","0","0","0","0","0",NA,NA
"887","887","danishMeat","0","0","0","0","0",NA,NA
"888","888","danishMeat","0","0","0","0","0",NA,NA
"889","889","danishMeat","0","0","0","0","0",NA,NA
"890","890","danishMeat","0","0","0","0","0",NA,NA
"891","891","danishMeat","0","0","0","0","0",NA,NA
"892","892","danishMeat","0","0","0","0","0",NA,NA
"893","893","danishMeat","0","0","0","0","0",NA,NA
"894","894","danishMeat","0","0","0","0","0",NA,NA
"895","895","danishMeat","0","0","0","0","0",NA,NA
"896","896","danishMeat","0","0","0","0","0",NA,NA
"897","897","danishMeat","0","0","0","0","0",NA,NA
"898","898","danishMeat","0","0","0","0","0",NA,NA
"899","899","danishMeat","0","0","0","0","0",NA,NA
"900","900","danishMeat","0","0","0","0","0",NA,NA
"901","901","danishMeat","0","0","0","0","0",NA,NA
"902","902","danishMeat","0","0","0","0","0",NA,NA
"903","903","danishMeat","0","0","0","0","0",NA,NA
"904","904","danishMeat","0","0","0","0","0",NA,NA
"905","905","danishMeat","0","0","0","0","0",NA,NA
"906","906","danishMeat","0","0","0","0","0",NA,NA
"907","907","danishMeat","0","0","0","0","0",NA,NA
"908","908","danishMeat","0","0","0","0","0",NA,NA
"909","909","danishMeat","0","0","0","0","0",NA,NA
"910","910","danishMeat","0","0","0","0","0",NA,NA
"911","911","danishMeat","0","0","0","0","0",NA,NA
"912","912","danishMeat","0","0","0","0","0",NA,NA
"913","913","danishMeat","0","0","0","0","0",NA,NA
"914","914","danishMeat","0","0","0","0","0",NA,NA
"915","915","danishMeat","0","0","0","0","0",NA,NA
"916","916","danishMeat","0","0","0","0","0",NA,NA
"917","917","danishMeat","0","0","0","0","0",NA,NA
"918","918","danishMeat","0","0","0","0","0",NA,NA
"919","919","danishMeat","0","0","0","0","0",NA,NA
"920","920","danishMeat","0","0","0","0","0",NA,NA
"921","921","danishMeat","0","0","0","0","0",NA,NA
"922","922","danishMeat","0","0","0","0","0",NA,NA
"923","923","danishMeat","0","0","0","0","0",NA,NA
"924","924","danishMeat","0","0","0","0","0",NA,NA
"925","925","danishMeat","0","0","0","0","0",NA,NA
"926","926","danishMeat","0","0","0","0","0",NA,NA
"927","927","danishMeat","0","0","0","0","0",NA,NA
"928","928","danishMeat","0","0","0","0","0",NA,NA
"929","929","danishMeat","0","0","0","0","0",NA,NA
"930","930","danishMeat","0","0","0","0","0",NA,NA
"931","931","danishMeat","0","0","0","0","0",NA,NA
"932","932","danishMeat","0","0","0","0","0",NA,NA
"933","933","danishMeat","0","0","0","0","0",NA,NA
"934","934","danishMeat","0","0","0","0","0",NA,NA
"935","935","danishMeat","0","0","0","0","0",NA,NA
"936","936","danishMeat","0","0","0","0","0",NA,NA
"937","937","danishMeat","0","0","0","0","0",NA,NA
"938","938","danishMeat","0","0","0","0","0",NA,NA
"939","939","danishMeat","0","0","0","0","0",NA,NA
"940","940","danishMeat","0","0","0","0","0",NA,NA
"941","941","danishMeat","0","0","0","0","0",NA,NA
"942","942","danishMeat","0","0","0","0","0",NA,NA
"943","943","danishMeat","0","0","0","0","0",NA,NA
"944","944","danishMeat","0","0","0","0","0",NA,NA
"945","945","danishMeat","0","0","0","0","0",NA,NA
"946","946","danishMeat","0","0","0","0","0",NA,NA
"947","947","danishMeat","0","0","0","0","0",NA,NA
"948","948","danishMeat","0","0","0","0","0",NA,NA
"949","949","danishMeat","0","0","0","0","0",NA,NA
"950","950","danishMeat","0","0","0","0","0",NA,NA
"951","951","danishMeat","0","0","0","0","0",NA,NA
"952","952","danishMeat","0","0","0","0","0",NA,NA
"953","953","danishMeat","0","0","0","0","0",NA,NA
"954","954","danishMeat","0","0","0","0","0",NA,NA
"955","955","danishMeat","0","0","0","0","0",NA,NA
"956","956","danishMeat","0","0","0","0","0",NA,NA
"957","957","danishMeat","0","0","0","0","0",NA,NA
"958","958","danishMeat","0","0","0","0","0",NA,NA
"959","959","danishMeat","0","0","0","0","0",NA,NA
"960","960","danishMeat","0","0","0","0","0",NA,NA
"961","961","danishMeat","0","0","0","0","0",NA,NA
"962","962","danishMeat","0","0","0","0","0",NA,NA
"963","963","danishMeat","0","0","0","0","0",NA,NA
"964","964","danishMeat","0","0","0","0","0",NA,NA
"965","965","danishMeat","0","0","0","0","0",NA,NA
"966","966","danishMeat","0","0","0","0","0",NA,NA
"967","967","danishMeat","0","0","0","0","0",NA,NA
"968","968","danishMeat","0","0","0","0","0",NA,NA
"969","969","danishMeat","0","0","0","0","0",NA,NA
"970","970","danishMeat","0","0","0","0","0",NA,NA
"971","971","danishMeat","0","0","0","0","0",NA,NA
"972","972","danishMeat","0","0","0","0","0",NA,NA
"973","973","danishMeat","0","0","0","0","0",NA,NA
"974","974","danishMeat","0","0","0","0","0",NA,NA
"975","975","danishMeat","0","0","0","0","0",NA,NA
"976","976","danishMeat","0","0","0","0","0",NA,NA
"977","977","danishMeat","0","0","0","0","0",NA,NA
"978","978","danishMeat","0","0","0","0","0",NA,NA
"979","979","danishMeat","0","0","0","0","0",NA,NA
"980","980","danishMeat","0","0","0","0","0",NA,NA
"981","981","danishMeat","0","0","0","0","0",NA,NA
"982","982","danishMeat","0","0","0","0","0",NA,NA
"983","983","danishMeat","0","0","0","0","0",NA,NA
"984","984","danishMeat","0","0","0","0","0",NA,NA
"985","985","danishMeat","0","0","0","0","0",NA,NA
"986","986","danishMeat","0","0","0","0","0",NA,NA
"987","987","danishMeat","0","0","0","0","0",NA,NA
"988","988","danishMeat","0","0","0","0","0",NA,NA
"989","989","danishMeat","0","0","0","0","0",NA,NA
"990","990","danishMeat","0","0","0","0","0",NA,NA
"991","991","danishMeat","0","0","0","0","0",NA,NA
"992","992","danishMeat","0","0","0","0","0",NA,NA
"993","993","danishMeat","0","0","0","0","0",NA,NA
"994","994","danishMeat","0","0","0","0","0",NA,NA
"995","995","danishMeat","0","0","0","0","0",NA,NA
"996","996","danishMeat","0","0","0","0","0",NA,NA
"997","997","danishMeat","0","0","0","0","0",NA,NA
"998","998","danishMeat","0","0","0","0","0",NA,NA
"999","999","danishMeat","0","0","0","0","0",NA,NA
"1000","1000","danishMeat","0","0","0","0","0",NA,NA
"1001","1001","danishMeat","0","0","0","0","0",NA,NA
"1002","1002","danishMeat","0","0","0","0","0",NA,NA
"1003","1003","danishMeat","0","0","0","0","0",NA,NA
"1004","1004","danishMeat","0","0","0","0","0",NA,NA
"1005","1005","danishMeat","0","0","0","0","0",NA,NA
"1006","1006","danishMeat","0","0","0","0","0",NA,NA
"1007","1007","danishMeat","0","0","0","0","0",NA,NA
"1008","1008","danishMeat","0","0","0","0","0",NA,NA
"1009","1009","danishMeat","0","0","0","0","0",NA,NA
"1010","1010","danishMeat","0","0","0","0","0",NA,NA
"1011","1011","danishMeat","0","0","0","0","0",NA,NA
"1012","1012","danishMeat","0","0","0","0","0",NA,NA
"1013","1013","danishMeat","0","0","0","0","0",NA,NA
"1014","1014","danishMeat","0","0","0","0","0",NA,NA
"1015","1015","danishMeat","0","0","0","0","0",NA,NA
"1016","1016","danishMeat","0","0","0","0","0",NA,NA
"1017","1017","danishMeat","0","0","0","0","0",NA,NA
"1018","1018","danishMeat","0","0","0","0","0",NA,NA
"1019","1019","danishMeat","0","0","0","0","0",NA,NA
"1020","1020","danishMeat","0","0","0","0","0",NA,NA
"1021","1021","danishMeat","0","0","0","0","0",NA,NA
"1022","1022","danishMeat","0","0","0","0","0",NA,NA
"1023","1023","danishMeat","0","0","0","0","0",NA,NA
"1024","1024","danishMeat","0","0","0","0","0",NA,NA
"1025","1025","danishMeat","0","0","0","0","0",NA,NA
"1026","1026","danishMeat","0","0","0","0","0",NA,NA
"1027","1027","danishMeat","0","0","0","0","0",NA,NA
"1028","1028","danishMeat","0","0","0","0","0",NA,NA
"1029","1029","danishMeat","0","0","0","0","0",NA,NA
"1030","1030","danishMeat","0","0","0","0","0",NA,NA
"1031","1031","danishMeat","0","0","0","0","0",NA,NA
"1032","1032","danishMeat","0","0","0","0","0",NA,NA
"1033","1033","danishMeat","0","0","0","0","0",NA,NA
"1034","1034","danishMeat","0","0","0","0","0",NA,NA
"1035","1035","danishMeat","0","0","0","0","0",NA,NA
"1036","1036","danishMeat","0","0","0","0","0",NA,NA
"1037","1037","danishMeat","0","0","0","0","0",NA,NA
"1038","1038","danishMeat","0","0","0","0","0",NA,NA
"1039","1039","danishMeat","0","0","0","0","0",NA,NA
"1040","1040","danishMeat","0","0","0","0","0",NA,NA
"1041","1041","danishMeat","0","0","0","0","0",NA,NA
"1042","1042","danishMeat","0","0","0","0","0",NA,NA
"1043","1043","danishMeat","0","0","0","0","0",NA,NA
"1044","1044","danishMeat","0","0","0","0","0",NA,NA
"1045","1045","danishMeat","0","0","0","0","0",NA,NA
"1046","1046","danishMeat","0","0","0","0","0",NA,NA
"1047","1047","danishMeat","0","0","0","0","0",NA,NA
"1048","1048","danishMeat","0","0","0","0","0",NA,NA
"1049","1049","danishMeat","0","0","0","0","0",NA,NA
"1050","1050","danishMeat","0","0","0","0","0",NA,NA
"1051","1051","danishMeat","0","0","0","0","0",NA,NA
"1052","1052","danishMeat","0","0","0","0","0",NA,NA
"1053","1053","danishMeat","0","0","0","0","0",NA,NA
"1054","1054","danishMeat","0","0","0","0","0",NA,NA
"1055","1055","danishMeat","0","0","0","0","0",NA,NA
"1056","1056","danishMeat","0","0","0","0","0",NA,NA
"1057","1057","danishMeat","0","0","0","0","0",NA,NA
"1058","1058","danishMeat","0","0","0","0","0",NA,NA
"1059","1059","danishMeat","0","0","0","0","0",NA,NA
"1060","1060","danishMeat","0","0","0","0","0",NA,NA
"1061","1061","danishMeat","0","0","0","0","0",NA,NA
"1062","1062","danishMeat","0","0","0","0","0",NA,NA
"1063","1063","danishMeat","0","0","0","0","0",NA,NA
"1064","1064","danishMeat","0","0","0","0","0",NA,NA
"1065","1065","danishMeat","0","0","0","0","0",NA,NA
"1066","1066","danishMeat","0","0","0","0","0",NA,NA
"1067","1067","danishMeat","0","0","0","0","0",NA,NA
"1068","1068","danishMeat","0","0","0","0","0",NA,NA
"1069","1069","danishMeat","0","0","0","0","0",NA,NA
"1070","1070","danishMeat","0","0","0","0","0",NA,NA
"1071","1071","danishMeat","0","0","0","0","0",NA,NA
"1072","1072","danishMeat","0","0","0","0","0",NA,NA
"1073","1073","danishMeat","0","0","0","0","0",NA,NA
"1074","1074","danishMeat","0","0","0","0","0",NA,NA
"1075","1075","danishMeat","0","0","0","0","0",NA,NA
"1076","1076","danishMeat","0","0","0","0","0",NA,NA
"1077","1077","danishMeat","0","0","0","0","0",NA,NA
"1078","1078","danishMeat","0","0","0","0","0",NA,NA
"1079","1079","danishMeat","0","0","0","0","0",NA,NA
"1080","1080","danishMeat","0","0","0","0","0",NA,NA
"1081","1081","importedMeat","0","1","0","0","0",NA,NA
"1082","1082","importedMeat","0","1","0","0","0",NA,NA
"1083","1083","importedMeat","0","1","0","0","0",NA,NA
"1084","1084","importedMeat","0","1","0","0","0",NA,NA
"1085","1085","importedMeat","0","1","0","0","0",NA,NA
"1086","1086","importedMeat","0","1","0","0","0",NA,NA
"1087","1087","importedMeat","0","1","0","0","0",NA,NA
"1088","1088","importedMeat","0","1","0","0","0",NA,NA
"1089","1089","importedMeat","0","1","0","0","0",NA,NA
"1090","1090","importedMeat","0","1","0","0","0",NA,NA
"1091","1091","importedMeat","0","1","0","0","0",NA,NA
"1092","1092","importedMeat","0","1","0","0","0",NA,NA
"1093","1093","importedMeat","0","1","1","1","0",NA,NA
"1094","1094","importedMeat","0","1","1","1","0",NA,NA
"1095","1095","importedMeat","0","0","1","0","0",NA,NA
"1096","1096","importedMeat","0","0","1","0","0",NA,NA
"1097","1097","importedMeat","0","0","1","0","0",NA,NA
"1098","1098","importedMeat","0","0","1","0","0",NA,NA
"1099","1099","importedMeat","0","0","1","0","0",NA,NA
"1100","1100","importedMeat","0","0","1","0","0",NA,NA
"1101","1101","importedMeat","0","0","1","0","0",NA,NA
"1102","1102","importedMeat","0","0","1","0","0",NA,NA
"1103","1103","importedMeat","0","0","1","0","0",NA,NA
"1104","1104","importedMeat","0","0","1","0","0",NA,NA
"1105","1105","importedMeat","0","0","1","0","0",NA,NA
"1106","1106","importedMeat","0","0","1","0","0",NA,NA
"1107","1107","importedMeat","0","0","1","0","0",NA,NA
"1108","1108","importedMeat","0","0","1","0","0",NA,NA
"1109","1109","importedMeat","0","0","1","0","0",NA,NA
"1110","1110","importedMeat","0","0","1","0","0",NA,NA
"1111","1111","importedMeat","0","0","1","0","0",NA,NA
"1112","1112","importedMeat","0","0","1","0","0",NA,NA
"1113","1113","importedMeat","0","0","1","0","0",NA,NA
"1114","1114","importedMeat","0","0","1","0","0",NA,NA
"1115","1115","importedMeat","0","0","1","0","0",NA,NA
"1116","1116","importedMeat","0","0","1","0","0",NA,NA
"1117","1117","importedMeat","0","0","1","0","0",NA,NA
"1118","1118","importedMeat","0","0","1","0","0",NA,NA
"1119","1119","importedMeat","0","0","1","0","0",NA,NA
"1120","1120","importedMeat","0","0","1","0","0",NA,NA
"1121","1121","importedMeat","0","0","1","0","0",NA,NA
"1122","1122","importedMeat","0","0","1","0","0",NA,NA
"1123","1123","importedMeat","0","0","1","0","0",NA,NA
"1124","1124","importedMeat","0","0","1","0","0",NA,NA
"1125","1125","importedMeat","0","0","1","0","0",NA,NA
"1126","1126","importedMeat","0","0","1","0","0",NA,NA
"1127","1127","importedMeat","0","0","1","0","0",NA,NA
"1128","1128","importedMeat","0","0","1","0","0",NA,NA
"1129","1129","importedMeat","0","0","1","0","0",NA,NA
"1130","1130","importedMeat","0","0","1","0","0",NA,NA
"1131","1131","importedMeat","0","0","1","0","0",NA,NA
"1132","1132","importedMeat","0","0","1","0","0",NA,NA
"1133","1133","importedMeat","0","0","1","0","0",NA,NA
"1134","1134","importedMeat","0","0","1","0","0",NA,NA
"1135","1135","importedMeat","0","0","1","0","0",NA,NA
"1136","1136","importedMeat","0","0","1","0","0",NA,NA
"1137","1137","importedMeat","0","0","1","0","0",NA,NA
"1138","1138","importedMeat","0","0","1","0","0",NA,NA
"1139","1139","importedMeat","0","0","1","0","0",NA,NA
"1140","1140","importedMeat","0","0","1","0","0",NA,NA
"1141","1141","importedMeat","0","0","1","0","0",NA,NA
"1142","1142","importedMeat","0","0","1","0","0",NA,NA
"1143","1143","importedMeat","0","0","1","0","0",NA,NA
"1144","1144","importedMeat","0","0","1","0","0",NA,NA
"1145","1145","importedMeat","0","0","1","0","0",NA,NA
"1146","1146","importedMeat","0","0","1","0","0",NA,NA
"1147","1147","importedMeat","0","0","1","0","0",NA,NA
"1148","1148","importedMeat","0","0","1","0","0",NA,NA
"1149","1149","importedMeat","0","0","1","0","0",NA,NA
"1150","1150","importedMeat","0","0","1","0","0",NA,NA
"1151","1151","importedMeat","0","0","1","0","0",NA,NA
"1152","1152","importedMeat","0","0","1","0","0",NA,NA
"1153","1153","importedMeat","0","0","1","0","0",NA,NA
"1154","1154","importedMeat","0","0","1","0","0",NA,NA
"1155","1155","importedMeat","0","0","1","0","0",NA,NA
"1156","1156","importedMeat","0","0","1","0","0",NA,NA
"1157","1157","importedMeat","0","0","1","0","0",NA,NA
"1158","1158","importedMeat","0","0","1","0","0",NA,NA
"1159","1159","importedMeat","0","0","1","0","0",NA,NA
"1160","1160","importedMeat","0","0","0","0","0",NA,NA
"1161","1161","importedMeat","0","0","0","0","0",NA,NA
"1162","1162","importedMeat","0","0","0","0","0",NA,NA
"1163","1163","importedMeat","0","0","0","0","0",NA,NA
"1164","1164","importedMeat","0","0","0","0","0",NA,NA
"1165","1165","importedMeat","0","0","0","0","0",NA,NA
"1166","1166","importedMeat","0","0","0","0","0",NA,NA
"1167","1167","importedMeat","0","0","0","0","0",NA,NA
"1168","1168","importedMeat","0","0","0","0","0",NA,NA
"1169","1169","importedMeat","0","0","0","0","0",NA,NA
"1170","1170","importedMeat","0","0","0","0","0",NA,NA
"1171","1171","importedMeat","0","0","0","0","0",NA,NA
"1172","1172","importedMeat","0","0","0","0","0",NA,NA
"1173","1173","importedMeat","0","0","0","0","0",NA,NA
"1174","1174","importedMeat","0","0","0","0","0",NA,NA
"1175","1175","importedMeat","0","0","0","0","0",NA,NA
"1176","1176","importedMeat","0","0","0","0","0",NA,NA
"1177","1177","importedMeat","0","0","0","0","0",NA,NA
"1178","1178","importedMeat","0","0","0","0","0",NA,NA
"1179","1179","importedMeat","0","0","0","0","0",NA,NA
"1180","1180","importedMeat","0","0","0","0","0",NA,NA
"1181","1181","importedMeat","0","0","0","0","0",NA,NA
"1182","1182","importedMeat","0","0","0","0","0",NA,NA
"1183","1183","importedMeat","0","0","0","0","0",NA,NA
"1184","1184","importedMeat","0","0","0","0","0",NA,NA
"1185","1185","importedMeat","0","0","0","0","0",NA,NA
"1186","1186","importedMeat","0","0","0","0","0",NA,NA
"1187","1187","importedMeat","0","0","0","0","0",NA,NA
"1188","1188","importedMeat","0","0","0","0","0",NA,NA
"1189","1189","importedMeat","0","0","0","0","0",NA,NA
"1190","1190","importedMeat","0","0","0","0","0",NA,NA
"1191","1191","importedMeat","0","0","0","0","0",NA,NA
"1192","1192","importedMeat","0","0","0","0","0",NA,NA
"1193","1193","importedMeat","0","0","0","0","0",NA,NA
"1194","1194","importedMeat","0","0","0","0","0",NA,NA
"1195","1195","importedMeat","0","0","0","0","0",NA,NA
"1196","1196","importedMeat","0","0","0","0","0",NA,NA
"1197","1197","importedMeat","0","0","0","0","0",NA,NA
"1198","1198","importedMeat","0","0","0","0","0",NA,NA
"1199","1199","importedMeat","0","0","0","0","0",NA,NA
"1200","1200","importedMeat","0","0","0","0","0",NA,NA
"1201","1201","importedMeat","0","0","0","0","0",NA,NA
"1202","1202","importedMeat","0","0","0","0","0",NA,NA
"1203","1203","importedMeat","0","0","0","0","0",NA,NA
"1204","1204","importedMeat","0","0","0","0","0",NA,NA
"1205","1205","importedMeat","0","0","0","0","0",NA,NA
"1206","1206","importedMeat","0","0","0","0","0",NA,NA
"1207","1207","importedMeat","0","0","0","0","0",NA,NA
"1208","1208","importedMeat","0","0","0","0","0",NA,NA
"1209","1209","importedMeat","0","0","0","0","0",NA,NA
"1210","1210","importedMeat","0","0","0","0","0",NA,NA
"1211","1211","importedMeat","0","0","0","0","0",NA,NA
"1212","1212","importedMeat","0","0","0","0","0",NA,NA
"1213","1213","importedMeat","0","0","0","0","0",NA,NA
"1214","1214","importedMeat","0","0","0","0","0",NA,NA
"1215","1215","importedMeat","0","0","0","0","0",NA,NA
"1216","1216","importedMeat","0","0","0","0","0",NA,NA
"1217","1217","importedMeat","0","0","0","0","0",NA,NA
"1218","1218","importedMeat","0","0","0","0","0",NA,NA
"1219","1219","importedMeat","0","0","0","0","0",NA,NA
"1220","1220","importedMeat","0","0","0","0","0",NA,NA
"1221","1221","importedMeat","0","0","0","0","0",NA,NA
"1222","1222","importedMeat","0","0","0","0","0",NA,NA
"1223","1223","importedMeat","0","0","0","0","0",NA,NA
"1224","1224","importedMeat","0","0","0","0","0",NA,NA
"1225","1225","importedMeat","0","0","0","0","0",NA,NA
"1226","1226","importedMeat","0","0","0","0","0",NA,NA
"1227","1227","importedMeat","0","0","0","0","0",NA,NA
"1228","1228","importedMeat","0","0","0","0","0",NA,NA
"1229","1229","importedMeat","0","0","0","0","0",NA,NA
"1230","1230","importedMeat","0","0","0","0","0",NA,NA
"1231","1231","importedMeat","0","0","0","0","0",NA,NA
"1232","1232","importedMeat","0","0","0","0","0",NA,NA
"1233","1233","importedMeat","0","0","0","0","0",NA,NA
"1234","1234","importedMeat","0","0","0","0","0",NA,NA
"1235","1235","importedMeat","0","0","0","0","0",NA,NA
"1236","1236","importedMeat","0","0","0","0","0",NA,NA
"1237","1237","importedMeat","0","0","0","0","0",NA,NA
"1238","1238","importedMeat","0","0","0","0","0",NA,NA
"1239","1239","importedMeat","0","0","0","0","0",NA,NA
"1240","1240","importedMeat","0","0","0","0","0",NA,NA
"1241","1241","importedMeat","0","0","0","0","0",NA,NA
"1242","1242","importedMeat","0","0","0","0","0",NA,NA
"1243","1243","importedMeat","0","0","0","0","0",NA,NA
"1244","1244","importedMeat","0","0","0","0","0",NA,NA
"1245","1245","importedMeat","0","0","0","0","0",NA,NA
"1246","1246","importedMeat","0","0","0","0","0",NA,NA
"1247","1247","importedMeat","0","0","0","0","0",NA,NA
"1248","1248","importedMeat","0","0","0","0","0",NA,NA
"1249","1249","importedMeat","0","0","0","0","0",NA,NA
"1250","1250","importedMeat","0","0","0","0","0",NA,NA
"1251","1251","importedMeat","0","0","0","0","0",NA,NA
"1252","1252","importedMeat","0","0","0","0","0",NA,NA
"1253","1253","importedMeat","0","0","0","0","0",NA,NA
"1254","1254","importedMeat","0","0","0","0","0",NA,NA
"1255","1255","importedMeat","0","0","0","0","0",NA,NA
"1256","1256","importedMeat","0","0","0","0","0",NA,NA
"1257","1257","importedMeat","0","0","0","0","0",NA,NA
"1258","1258","importedMeat","0","0","0","0","0",NA,NA
"1259","1259","importedMeat","0","0","0","0","0",NA,NA
"1260","1260","importedMeat","0","0","0","0","0",NA,NA
"1261","1261","importedMeat","0","0","0","0","0",NA,NA
